,title,comments_df,author,guilded,num_comments,score,pinned,subreddit,created_utc,r_id
0,"Subreddit Of The Month [September 2018]: /r/heck/. Know of a small (under 20,000 subscribers) humor-based subreddit that deserves a month in the spotlight? Link it inside!","  author_comments  score_comments
1         orabram              19
0      randianNo1              17
2       funny_mod              14
5       RaiKamino               6
3   etymologynerd               5
4         Tillind               5",funny_mod,0,62,496,False,funny,1535889526.0,9cbjn0
1,Your package will arrive on schedule.,"         author_comments  score_comments
0         LetsGoWaltzing            1148
1                   jemm             442
2           Moosebandit1             412
4     Ienjoyduckscompany             277
3   SamanthasBlondeLover             173
5             Pissedtuna              86
9               carny666              70
7         WhyYouLikeCats              55
6        Mindthegaptooth              47
15         kalamarininja              42
10         Imbalancedone              37
8            joeschmoe86              30
11           R3troZ0mbie              30
12           psychmancer              14",Keychain33,0,360,12420,False,funny,1537893151.0,9itoo4
2,Itâ€™s clear enough,"  author_comments  score_comments
2      RipThrotes             397
0       zaraguato             127
1         vanoreo              38",we-meme-in-a-society,0,125,4739,False,funny,1537890541.0,9itak9
3,Financial planning,"  author_comments  score_comments
0          Zaggie             247
2       Realworld              77
1    illicitlogic              33
3          doborz              20
4   toweringgoose              16
9          Jaexyn              10",Bhargav-kumar,0,127,6134,False,funny,1537887829.0,9isw1z
4,He dyed doing what he loved...,"      author_comments  score_comments
1       kalamarininja             145
0  I_like_your_reddit             132
3             jgs1122              38
2     Kasper-X-Hauser              21
4                XJ-0              15",EliotHudson,0,115,3153,False,funny,1537893135.0,9itok2
