data,kind
"{'approved_at_utc': None, 'subreddit': 'quotes', 'selftext': '', 'author_fullname': 't2_d6kie4r', 'saved': False, 'mod_reason_title': None, 'gilded': 0, 'clicked': False, 'title': '""I start. I fail. I start again. I say this time I succeed. I fail again. I start again. I say this try is the one. I fail again. I try again and again until it actually becomes the one time I succeed."" - Saif Al-Mukhtar', 'link_flair_richtext': [], 'subreddit_name_prefixed': 'r/quotes', 'hidden': False, 'pwls': 6, 'link_flair_css_class': None, 'downs': 0, 'thumbnail_height': None, 'hide_score': False, 'name': 't3_9mxuco', 'quarantine': False, 'link_flair_text_color': 'dark', 'author_flair_background_color': None, 'subreddit_type': 'public', 'ups': 6, 'domain': 'self.quotes', 'media_embed': {}, 'thumbnail_width': None, 'author_flair_template_id': None, 'is_original_content': False, 'user_reports': [], 'secure_media': None, 'is_reddit_media_domain': False, 'is_meta': False, 'category': None, 'secure_media_embed': {}, 'link_flair_text': None, 'can_mod_post': False, 'score': 6, 'approved_by': None, 'thumbnail': 'self', 'edited': False, 'author_flair_css_class': None, 'author_flair_richtext': [], 'gildings': {'gid_1': 0, 'gid_2': 0, 'gid_3': 0}, 'content_categories': None, 'is_self': True, 'mod_note': None, 'created': 1539191449.0, 'link_flair_type': 'text', 'wls': 6, 'banned_by': None, 'author_flair_type': 'text', 'contest_mode': False, 'selftext_html': None, 'likes': None, 'suggested_sort': None, 'banned_at_utc': None, 'view_count': None, 'archived': False, 'no_follow': True, 'is_crosspostable': False, 'pinned': False, 'over_18': False, 'media_only': False, 'link_flair_template_id': None, 'can_gild': False, 'spoiler': False, 'locked': False, 'author_flair_text': None, 'visited': False, 'num_reports': None, 'distinguished': None, 'subreddit_id': 't5_2qhdx', 'mod_reason_by': None, 'removal_reason': None, 'link_flair_background_color': '', 'id': '9mxuco', 'is_robot_indexable': True, 'report_reasons': None, 'author': 'Qebtonn', 'num_crossposts': 0, 'num_comments': 0, 'send_replies': True, 'whitelist_status': 'all_ads', 'mod_reports': [], 'author_flair_text_color': None, 'permalink': '/r/quotes/comments/9mxuco/i_start_i_fail_i_start_again_i_say_this_time_i/', 'parent_whitelist_status': 'all_ads', 'stickied': False, 'url': 'https://www.reddit.com/r/quotes/comments/9mxuco/i_start_i_fail_i_start_again_i_say_this_time_i/', 'subreddit_subscribers': 169029, 'created_utc': 1539162649.0, 'media': None, 'is_video': False}",t3
"{'approved_at_utc': None, 'subreddit': 'quoteporn', 'selftext': '', 'author_fullname': 't2_d6kie4r', 'saved': False, 'mod_reason_title': None, 'gilded': 0, 'clicked': False, 'title': '""I start. I fail. I start again. I say this time I succeed. I fail again. I start again. I say this try is the one. I fail again. I try again and again until it actually becomes the one time I succeed."" - Saif Al-Mukhtar', 'link_flair_richtext': [], 'subreddit_name_prefixed': 'r/quoteporn', 'hidden': False, 'pwls': None, 'link_flair_css_class': None, 'downs': 0, 'thumbnail_height': None, 'hide_score': False, 'name': 't3_9mv0mj', 'quarantine': False, 'link_flair_text_color': 'dark', 'author_flair_background_color': None, 'subreddit_type': 'public', 'ups': 9, 'domain': 'self.quoteporn', 'media_embed': {}, 'thumbnail_width': None, 'author_flair_template_id': None, 'is_original_content': False, 'user_reports': [], 'secure_media': None, 'is_reddit_media_domain': False, 'is_meta': False, 'category': None, 'secure_media_embed': {}, 'link_flair_text': None, 'can_mod_post': False, 'score': 9, 'approved_by': None, 'thumbnail': 'self', 'edited': False, 'author_flair_css_class': None, 'author_flair_richtext': [], 'gildings': {'gid_1': 0, 'gid_2': 0, 'gid_3': 0}, 'content_categories': None, 'is_self': True, 'mod_note': None, 'created': 1539162832.0, 'link_flair_type': 'text', 'wls': None, 'banned_by': None, 'author_flair_type': 'text', 'contest_mode': False, 'selftext_html': None, 'likes': None, 'suggested_sort': None, 'banned_at_utc': None, 'view_count': None, 'archived': False, 'no_follow': False, 'is_crosspostable': False, 'pinned': False, 'over_18': False, 'media_only': False, 'link_flair_template_id': None, 'can_gild': False, 'spoiler': False, 'locked': False, 'author_flair_text': None, 'visited': False, 'num_reports': None, 'distinguished': None, 'subreddit_id': 't5_2svfw', 'mod_reason_by': None, 'removal_reason': None, 'link_flair_background_color': '', 'id': '9mv0mj', 'is_robot_indexable': True, 'report_reasons': None, 'author': 'Qebtonn', 'num_crossposts': 0, 'num_comments': 0, 'send_replies': True, 'whitelist_status': None, 'mod_reports': [], 'author_flair_text_color': None, 'permalink': '/r/quoteporn/comments/9mv0mj/i_start_i_fail_i_start_again_i_say_this_time_i/', 'parent_whitelist_status': None, 'stickied': False, 'url': 'https://www.reddit.com/r/quoteporn/comments/9mv0mj/i_start_i_fail_i_start_again_i_say_this_time_i/', 'subreddit_subscribers': 33455, 'created_utc': 1539134032.0, 'media': None, 'is_video': False}",t3
"{'subreddit_id': 't5_2skrn', 'approved_at_utc': None, 'edited': False, 'mod_reason_by': None, 'banned_by': None, 'author_flair_type': 'text', 'removal_reason': None, 'link_id': 't3_91msae', 'author_flair_template_id': None, 'likes': None, 'replies': '', 'user_reports': [], 'saved': False, 'id': 'e2z8vj0', 'banned_at_utc': None, 'mod_reason_title': None, 'gilded': 0, 'archived': False, 'no_follow': True, 'author': 'Qebtonn', 'num_comments': 5, 'can_mod_post': False, 'send_replies': True, 'parent_id': 't1_e2z8lxg', 'score': 1, 'author_fullname': 't2_d6kie4r', 'over_18': False, 'approved_by': None, 'mod_note': None, 'collapsed': False, 'body': 'Thanks for the advice', 'link_title': 'Should I stop watching porn fiist or continue on trying to stop both watching porn and masturbating at the same time?', 'author_flair_css_class': 'month2', 'name': 't1_e2z8vj0', 'downs': 0, 'author_flair_richtext': [], 'is_submitter': True, 'body_html': '&lt;div class=""md""&gt;&lt;p&gt;Thanks for the advice&lt;/p&gt;\n&lt;/div&gt;', 'gildings': {'gid_1': 0, 'gid_2': 0, 'gid_3': 0}, 'collapsed_reason': None, 'distinguished': None, 'stickied': False, 'can_gild': True, 'subreddit': 'NoFap', 'author_flair_text_color': 'dark', 'score_hidden': False, 'permalink': '/r/NoFap/comments/91msae/should_i_stop_watching_porn_fiist_or_continue_on/e2z8vj0/', 'num_reports': None, 'link_permalink': 'https://www.reddit.com/r/NoFap/comments/91msae/should_i_stop_watching_porn_fiist_or_continue_on/', 'report_reasons': None, 'link_author': 'Qebtonn', 'author_flair_text': '81 Days', 'link_url': 'https://www.reddit.com/r/NoFap/comments/91msae/should_i_stop_watching_porn_fiist_or_continue_on/', 'created': 1532507690.0, 'created_utc': 1532478890.0, 'subreddit_name_prefixed': 'r/NoFap', 'controversiality': 0, 'author_flair_background_color': '', 'mod_reports': [], 'quarantine': False, 'subreddit_type': 'public', 'ups': 1}",t1
"{'subreddit_id': 't5_2skrn', 'approved_at_utc': None, 'edited': False, 'mod_reason_by': None, 'banned_by': None, 'author_flair_type': 'text', 'removal_reason': None, 'link_id': 't3_91msae', 'author_flair_template_id': None, 'likes': None, 'replies': '', 'user_reports': [], 'saved': False, 'id': 'e2z79p9', 'banned_at_utc': None, 'mod_reason_title': None, 'gilded': 0, 'archived': False, 'no_follow': True, 'author': 'Qebtonn', 'num_comments': 5, 'can_mod_post': False, 'send_replies': True, 'parent_id': 't1_e2z753h', 'score': 1, 'author_fullname': 't2_d6kie4r', 'over_18': False, 'approved_by': None, 'mod_note': None, 'collapsed': False, 'body': 'I do want to quit both but should I start by only quiting watching porn. Because I have been trying to quit both for 7 years and my longest streak Is one week. So I thought maybe it will be easier if I stop them one by one', 'link_title': 'Should I stop watching porn fiist or continue on trying to stop both watching porn and masturbating at the same time?', 'author_flair_css_class': 'month2', 'name': 't1_e2z79p9', 'downs': 0, 'author_flair_richtext': [], 'is_submitter': True, 'body_html': '&lt;div class=""md""&gt;&lt;p&gt;I do want to quit both but should I start by only quiting watching porn. Because I have been trying to quit both for 7 years and my longest streak Is one week. So I thought maybe it will be easier if I stop them one by one&lt;/p&gt;\n&lt;/div&gt;', 'gildings': {'gid_1': 0, 'gid_2': 0, 'gid_3': 0}, 'collapsed_reason': None, 'distinguished': None, 'stickied': False, 'can_gild': True, 'subreddit': 'NoFap', 'author_flair_text_color': 'dark', 'score_hidden': False, 'permalink': '/r/NoFap/comments/91msae/should_i_stop_watching_porn_fiist_or_continue_on/e2z79p9/', 'num_reports': None, 'link_permalink': 'https://www.reddit.com/r/NoFap/comments/91msae/should_i_stop_watching_porn_fiist_or_continue_on/', 'report_reasons': None, 'link_author': 'Qebtonn', 'author_flair_text': '81 Days', 'link_url': 'https://www.reddit.com/r/NoFap/comments/91msae/should_i_stop_watching_porn_fiist_or_continue_on/', 'created': 1532506134.0, 'created_utc': 1532477334.0, 'subreddit_name_prefixed': 'r/NoFap', 'controversiality': 0, 'author_flair_background_color': '', 'mod_reports': [], 'quarantine': False, 'subreddit_type': 'public', 'ups': 1}",t1
"{'approved_at_utc': None, 'subreddit': 'NoFap', 'selftext': ""My end goal is to stop watching porn and masturbating completely. I have been trying to quit both since I realised I was masturbating which is 7 years ago. Now I'm 20. My question is should I try to stop watching porn then stop masturbating or should I continue to try and stop both at the same time. Any tips would be appreciated. "", 'author_fullname': 't2_d6kie4r', 'saved': False, 'mod_reason_title': None, 'gilded': 0, 'clicked': False, 'title': 'Should I stop watching porn fiist or continue on trying to stop both watching porn and masturbating at the same time?', 'link_flair_richtext': [], 'subreddit_name_prefixed': 'r/NoFap', 'hidden': False, 'pwls': 1, 'link_flair_css_class': None, 'downs': 0, 'thumbnail_height': None, 'hide_score': False, 'name': 't3_91msae', 'quarantine': False, 'link_flair_text_color': 'dark', 'author_flair_background_color': '', 'subreddit_type': 'public', 'ups': 3, 'domain': 'self.NoFap', 'media_embed': {}, 'thumbnail_width': None, 'author_flair_template_id': None, 'is_original_content': False, 'user_reports': [], 'secure_media': None, 'is_reddit_media_domain': False, 'is_meta': False, 'category': None, 'secure_media_embed': {}, 'link_flair_text': None, 'can_mod_post': False, 'score': 3, 'approved_by': None, 'thumbnail': 'self', 'edited': False, 'author_flair_css_class': 'month2', 'author_flair_richtext': [], 'gildings': {'gid_1': 0, 'gid_2': 0, 'gid_3': 0}, 'content_categories': None, 'is_self': True, 'mod_note': None, 'created': 1532505597.0, 'link_flair_type': 'text', 'wls': 1, 'banned_by': None, 'author_flair_type': 'text', 'contest_mode': False, 'selftext_html': '&lt;!-- SC_OFF --&gt;&lt;div class=""md""&gt;&lt;p&gt;My end goal is to stop watching porn and masturbating completely. I have been trying to quit both since I realised I was masturbating which is 7 years ago. Now I&amp;#39;m 20. My question is should I try to stop watching porn then stop masturbating or should I continue to try and stop both at the same time. Any tips would be appreciated. &lt;/p&gt;\n&lt;/div&gt;&lt;!-- SC_ON --&gt;', 'likes': None, 'suggested_sort': None, 'banned_at_utc': None, 'view_count': None, 'archived': False, 'no_follow': True, 'is_crosspostable': False, 'pinned': False, 'over_18': False, 'media_only': False, 'link_flair_template_id': None, 'can_gild': False, 'spoiler': False, 'locked': False, 'author_flair_text': '81 Days', 'visited': False, 'num_reports': None, 'distinguished': None, 'subreddit_id': 't5_2skrn', 'mod_reason_by': None, 'removal_reason': None, 'link_flair_background_color': '', 'id': '91msae', 'is_robot_indexable': True, 'report_reasons': None, 'author': 'Qebtonn', 'num_crossposts': 0, 'num_comments': 5, 'send_replies': True, 'whitelist_status': 'house_only', 'mod_reports': [], 'author_flair_text_color': 'dark', 'permalink': '/r/NoFap/comments/91msae/should_i_stop_watching_porn_fiist_or_continue_on/', 'parent_whitelist_status': 'house_only', 'stickied': False, 'url': 'https://www.reddit.com/r/NoFap/comments/91msae/should_i_stop_watching_porn_fiist_or_continue_on/', 'subreddit_subscribers': 366031, 'created_utc': 1532476797.0, 'media': None, 'is_video': False}",t3
"{'approved_at_utc': None, 'subreddit': 'help', 'selftext': '', 'author_fullname': 't2_d6kie4r', 'saved': False, 'mod_reason_title': None, 'gilded': 0, 'clicked': False, 'title': 'How to open upvotes in reddit app?', 'link_flair_richtext': [], 'subreddit_name_prefixed': 'r/help', 'hidden': False, 'pwls': 6, 'link_flair_css_class': None, 'downs': 0, 'thumbnail_height': None, 'hide_score': False, 'name': 't3_8o7atu', 'quarantine': False, 'link_flair_text_color': 'dark', 'author_flair_background_color': None, 'subreddit_type': 'public', 'ups': 2, 'domain': 'self.help', 'media_embed': {}, 'thumbnail_width': None, 'author_flair_template_id': None, 'is_original_content': False, 'user_reports': [], 'secure_media': None, 'is_reddit_media_domain': False, 'is_meta': False, 'category': None, 'secure_media_embed': {}, 'link_flair_text': None, 'can_mod_post': False, 'score': 2, 'approved_by': None, 'thumbnail': 'self', 'edited': False, 'author_flair_css_class': None, 'author_flair_richtext': [], 'gildings': {'gid_1': 0, 'gid_2': 0, 'gid_3': 0}, 'content_categories': None, 'is_self': True, 'mod_note': None, 'created': 1528043770.0, 'link_flair_type': 'text', 'wls': 6, 'banned_by': None, 'author_flair_type': 'text', 'contest_mode': False, 'selftext_html': None, 'likes': None, 'suggested_sort': None, 'banned_at_utc': None, 'view_count': None, 'archived': False, 'no_follow': True, 'is_crosspostable': False, 'pinned': False, 'over_18': False, 'media_only': False, 'link_flair_template_id': None, 'can_gild': False, 'spoiler': False, 'locked': False, 'author_flair_text': None, 'visited': False, 'num_reports': None, 'distinguished': None, 'subreddit_id': 't5_2qh4a', 'mod_reason_by': None, 'removal_reason': None, 'link_flair_background_color': '', 'id': '8o7atu', 'is_robot_indexable': True, 'report_reasons': None, 'author': 'Qebtonn', 'num_crossposts': 0, 'num_comments': 0, 'send_replies': True, 'whitelist_status': 'all_ads', 'mod_reports': [], 'author_flair_text_color': None, 'permalink': '/r/help/comments/8o7atu/how_to_open_upvotes_in_reddit_app/', 'parent_whitelist_status': 'all_ads', 'stickied': False, 'url': 'https://www.reddit.com/r/help/comments/8o7atu/how_to_open_upvotes_in_reddit_app/', 'subreddit_subscribers': 60245, 'created_utc': 1528014970.0, 'media': None, 'is_video': False}",t3
"{'subreddit_id': 't5_2xcv7', 'approved_at_utc': None, 'edited': False, 'mod_reason_by': None, 'banned_by': None, 'author_flair_type': 'text', 'removal_reason': None, 'link_id': 't3_8gwbjk', 'author_flair_template_id': None, 'likes': None, 'replies': '', 'user_reports': [], 'saved': False, 'id': 'dyfm2jm', 'banned_at_utc': None, 'mod_reason_title': None, 'gilded': 0, 'archived': False, 'no_follow': True, 'author': 'Qebtonn', 'num_comments': 56, 'can_mod_post': False, 'send_replies': True, 'parent_id': 't3_8gwbjk', 'score': 2, 'author_fullname': 't2_d6kie4r', 'over_18': False, 'approved_by': None, 'mod_note': None, 'collapsed': False, 'body': 'i like how the 2 guys trying to stop them immediately ran away when they saw that he was about to throw the beer \n', 'link_title': 'Breaking up the hard way', 'author_flair_css_class': None, 'name': 't1_dyfm2jm', 'downs': 0, 'author_flair_richtext': [], 'is_submitter': False, 'body_html': '&lt;div class=""md""&gt;&lt;p&gt;i like how the 2 guys trying to stop them immediately ran away when they saw that he was about to throw the beer &lt;/p&gt;\n&lt;/div&gt;', 'gildings': {'gid_1': 0, 'gid_2': 0, 'gid_3': 0}, 'collapsed_reason': None, 'distinguished': None, 'stickied': False, 'can_gild': True, 'subreddit': 'Wellthatsucks', 'author_flair_text_color': None, 'score_hidden': False, 'permalink': '/r/Wellthatsucks/comments/8gwbjk/breaking_up_the_hard_way/dyfm2jm/', 'num_reports': None, 'link_permalink': 'https://www.reddit.com/r/Wellthatsucks/comments/8gwbjk/breaking_up_the_hard_way/', 'report_reasons': None, 'link_author': '[deleted]', 'author_flair_text': None, 'link_url': 'https://i.imgur.com/hC35Fc2.gifv', 'created': 1525462941.0, 'created_utc': 1525434141.0, 'subreddit_name_prefixed': 'r/Wellthatsucks', 'controversiality': 0, 'author_flair_background_color': None, 'mod_reports': [], 'quarantine': False, 'subreddit_type': 'public', 'ups': 2}",t1
"{'subreddit_id': 't5_2xcv7', 'approved_at_utc': None, 'edited': False, 'mod_reason_by': None, 'banned_by': None, 'author_flair_type': 'text', 'removal_reason': None, 'link_id': 't3_8gwbjk', 'author_flair_template_id': None, 'likes': None, 'replies': '', 'user_reports': [], 'saved': False, 'id': 'dyfm0k1', 'banned_at_utc': None, 'mod_reason_title': None, 'gilded': 0, 'archived': False, 'no_follow': True, 'author': 'Qebtonn', 'num_comments': 56, 'can_mod_post': False, 'send_replies': True, 'parent_id': 't1_dyfhuc7', 'score': 15, 'author_fullname': 't2_d6kie4r', 'over_18': False, 'approved_by': None, 'mod_note': None, 'collapsed': False, 'body': 'i think you watched too much anime dude', 'link_title': 'Breaking up the hard way', 'author_flair_css_class': None, 'name': 't1_dyfm0k1', 'downs': 0, 'author_flair_richtext': [], 'is_submitter': False, 'body_html': '&lt;div class=""md""&gt;&lt;p&gt;i think you watched too much anime dude&lt;/p&gt;\n&lt;/div&gt;', 'gildings': {'gid_1': 0, 'gid_2': 0, 'gid_3': 0}, 'collapsed_reason': None, 'distinguished': None, 'stickied': False, 'can_gild': True, 'subreddit': 'Wellthatsucks', 'author_flair_text_color': None, 'score_hidden': False, 'permalink': '/r/Wellthatsucks/comments/8gwbjk/breaking_up_the_hard_way/dyfm0k1/', 'num_reports': None, 'link_permalink': 'https://www.reddit.com/r/Wellthatsucks/comments/8gwbjk/breaking_up_the_hard_way/', 'report_reasons': None, 'link_author': '[deleted]', 'author_flair_text': None, 'link_url': 'https://i.imgur.com/hC35Fc2.gifv', 'created': 1525462854.0, 'created_utc': 1525434054.0, 'subreddit_name_prefixed': 'r/Wellthatsucks', 'controversiality': 0, 'author_flair_background_color': None, 'mod_reports': [], 'quarantine': False, 'subreddit_type': 'public', 'ups': 15}",t1
"{'approved_at_utc': None, 'subreddit': 'CircleofTrust', 'selftext': '', 'author_fullname': 't2_d6kie4r', 'saved': False, 'mod_reason_title': None, 'gilded': 0, 'clicked': False, 'title': 'Heart of the cards', 'link_flair_richtext': [], 'subreddit_name_prefixed': 'r/CircleofTrust', 'hidden': False, 'pwls': None, 'link_flair_css_class': None, 'downs': 0, 'thumbnail_height': None, 'hide_score': False, 'name': 't3_89iu8b', 'quarantine': False, 'link_flair_text_color': 'dark', 'author_flair_background_color': '', 'subreddit_type': 'restricted', 'ups': 1, 'domain': 'reddit.com', 'media_embed': {'content': '\n            &lt;div class=""pseudo-selftext""&gt;\n                &lt;iframe\n                    src=""https://www.reddit.com/user/Qebtonn/circle/embed/""\n                    class=""circle-embed""\n                    allow_transparency\n                    style=""border: none; background: transparent; width: 100%; height: 100%;""&gt;\n                &lt;/iframe&gt;&lt;/div&gt;\n        ', 'width': 710, 'scrolling': False, 'height': 500}, 'thumbnail_width': None, 'author_flair_template_id': None, 'is_original_content': False, 'user_reports': [], 'secure_media': {'content': '\n            &lt;div class=""pseudo-selftext""&gt;\n                &lt;iframe\n                    src=""https://www.reddit.com/user/Qebtonn/circle/embed/""\n                    class=""circle-embed""\n                    allow_transparency\n                    style=""border: none; background: transparent; width: 100%; height: 100%;""&gt;\n                &lt;/iframe&gt;&lt;/div&gt;\n        ', 'width': 710, 'type': 'custom', 'height': 500}, 'is_reddit_media_domain': False, 'is_meta': False, 'category': None, 'secure_media_embed': {'content': '\n            &lt;div class=""pseudo-selftext""&gt;\n                &lt;iframe\n                    src=""https://www.reddit.com/user/Qebtonn/circle/embed/""\n                    class=""circle-embed""\n                    allow_transparency\n                    style=""border: none; background: transparent; width: 100%; height: 100%;""&gt;\n                &lt;/iframe&gt;&lt;/div&gt;\n        ', 'width': 710, 'scrolling': False, 'media_domain_url': 'https://www.redditmedia.com/mediaembed/89iu8b', 'height': 500}, 'link_flair_text': None, 'can_mod_post': False, 'score': 1, 'approved_by': None, 'thumbnail': 'default', 'edited': False, 'author_flair_css_class': None, 'author_flair_richtext': [{'e': 'text', 't': '1, 0 '}], 'gildings': {'gid_1': 0, 'gid_2': 0, 'gid_3': 0}, 'content_categories': None, 'is_self': False, 'mod_note': None, 'created': 1522819681.0, 'link_flair_type': 'text', 'wls': None, 'banned_by': None, 'author_flair_type': 'richtext', 'contest_mode': False, 'selftext_html': None, 'likes': None, 'suggested_sort': None, 'banned_at_utc': None, 'view_count': None, 'archived': True, 'no_follow': True, 'is_crosspostable': False, 'pinned': False, 'over_18': False, 'media_only': False, 'link_flair_template_id': None, 'can_gild': False, 'spoiler': False, 'locked': False, 'author_flair_text': '1, 0 ', 'visited': False, 'num_reports': None, 'distinguished': None, 'subreddit_id': 't5_2th3v', 'mod_reason_by': None, 'removal_reason': None, 'link_flair_background_color': '', 'id': '89iu8b', 'is_robot_indexable': True, 'report_reasons': None, 'author': 'Qebtonn', 'num_crossposts': 0, 'num_comments': 1, 'send_replies': True, 'whitelist_status': None, 'mod_reports': [], 'author_flair_text_color': 'dark', 'permalink': '/r/CircleofTrust/comments/89iu8b/heart_of_the_cards/', 'parent_whitelist_status': None, 'stickied': False, 'url': 'https://www.reddit.com/user/Qebtonn/circle/embed/', 'subreddit_subscribers': 102731, 'created_utc': 1522790881.0, 'media': {'content': '\n            &lt;div class=""pseudo-selftext""&gt;\n                &lt;iframe\n                    src=""https://www.reddit.com/user/Qebtonn/circle/embed/""\n                    class=""circle-embed""\n                    allow_transparency\n                    style=""border: none; background: transparent; width: 100%; height: 100%;""&gt;\n                &lt;/iframe&gt;&lt;/div&gt;\n        ', 'width': 710, 'type': 'custom', 'height': 500}, 'is_video': False}",t3
"{'subreddit_id': 't5_2stl8', 'approved_at_utc': None, 'edited': False, 'mod_reason_by': None, 'banned_by': None, 'author_flair_type': 'text', 'removal_reason': None, 'link_id': 't3_7vetq4', 'author_flair_template_id': None, 'likes': None, 'replies': '', 'user_reports': [], 'saved': False, 'id': 'dtsz420', 'banned_at_utc': None, 'mod_reason_title': None, 'gilded': 0, 'archived': True, 'no_follow': True, 'author': 'Qebtonn', 'num_comments': 27, 'can_mod_post': False, 'send_replies': True, 'parent_id': 't1_dtsp9rf', 'score': 1, 'author_fullname': 't2_d6kie4r', 'over_18': False, 'approved_by': None, 'mod_note': None, 'collapsed': False, 'body': ':/ ', 'link_title': 'Can match replays be easier to get please?', 'author_flair_css_class': None, 'name': 't1_dtsz420', 'downs': 0, 'author_flair_richtext': [], 'is_submitter': True, 'body_html': '&lt;div class=""md""&gt;&lt;p&gt;:/ &lt;/p&gt;\n&lt;/div&gt;', 'gildings': {'gid_1': 0, 'gid_2': 0, 'gid_3': 0}, 'collapsed_reason': None, 'distinguished': None, 'stickied': False, 'can_gild': True, 'subreddit': 'Smite', 'author_flair_text_color': None, 'score_hidden': False, 'permalink': '/r/Smite/comments/7vetq4/can_match_replays_be_easier_to_get_please/dtsz420/', 'num_reports': None, 'link_permalink': 'https://www.reddit.com/r/Smite/comments/7vetq4/can_match_replays_be_easier_to_get_please/', 'report_reasons': None, 'link_author': 'Qebtonn', 'author_flair_text': None, 'link_url': 'https://www.reddit.com/r/Smite/comments/7vetq4/can_match_replays_be_easier_to_get_please/', 'created': 1517914986.0, 'created_utc': 1517886186.0, 'subreddit_name_prefixed': 'r/Smite', 'controversiality': 0, 'author_flair_background_color': None, 'mod_reports': [], 'quarantine': False, 'subreddit_type': 'public', 'ups': 1}",t1
"{'subreddit_id': 't5_2stl8', 'approved_at_utc': None, 'edited': False, 'mod_reason_by': None, 'banned_by': None, 'author_flair_type': 'text', 'removal_reason': None, 'link_id': 't3_7vetq4', 'author_flair_template_id': None, 'likes': None, 'replies': '', 'user_reports': [], 'saved': False, 'id': 'dtsogkd', 'banned_at_utc': None, 'mod_reason_title': None, 'gilded': 0, 'archived': True, 'no_follow': True, 'author': 'Qebtonn', 'num_comments': 27, 'can_mod_post': False, 'send_replies': True, 'parent_id': 't1_dtsir2y', 'score': 1, 'author_fullname': 't2_d6kie4r', 'over_18': False, 'approved_by': None, 'mod_note': None, 'collapsed': False, 'body': 'will it record the whole game or only my screen?', 'link_title': 'Can match replays be easier to get please?', 'author_flair_css_class': None, 'name': 't1_dtsogkd', 'downs': 0, 'author_flair_richtext': [], 'is_submitter': True, 'body_html': '&lt;div class=""md""&gt;&lt;p&gt;will it record the whole game or only my screen?&lt;/p&gt;\n&lt;/div&gt;', 'gildings': {'gid_1': 0, 'gid_2': 0, 'gid_3': 0}, 'collapsed_reason': None, 'distinguished': None, 'stickied': False, 'can_gild': True, 'subreddit': 'Smite', 'author_flair_text_color': None, 'score_hidden': False, 'permalink': '/r/Smite/comments/7vetq4/can_match_replays_be_easier_to_get_please/dtsogkd/', 'num_reports': None, 'link_permalink': 'https://www.reddit.com/r/Smite/comments/7vetq4/can_match_replays_be_easier_to_get_please/', 'report_reasons': None, 'link_author': 'Qebtonn', 'author_flair_text': None, 'link_url': 'https://www.reddit.com/r/Smite/comments/7vetq4/can_match_replays_be_easier_to_get_please/', 'created': 1517903280.0, 'created_utc': 1517874480.0, 'subreddit_name_prefixed': 'r/Smite', 'controversiality': 0, 'author_flair_background_color': None, 'mod_reports': [], 'quarantine': False, 'subreddit_type': 'public', 'ups': 1}",t1
"{'subreddit_id': 't5_2stl8', 'approved_at_utc': None, 'edited': False, 'mod_reason_by': None, 'banned_by': None, 'author_flair_type': 'text', 'removal_reason': None, 'link_id': 't3_7vetq4', 'author_flair_template_id': None, 'likes': None, 'replies': '', 'user_reports': [], 'saved': False, 'id': 'dtry3ng', 'banned_at_utc': None, 'mod_reason_title': None, 'gilded': 0, 'archived': True, 'no_follow': True, 'author': 'Qebtonn', 'num_comments': 27, 'can_mod_post': False, 'send_replies': True, 'parent_id': 't1_dtrwaqq', 'score': 1, 'author_fullname': 't2_d6kie4r', 'over_18': False, 'approved_by': None, 'mod_note': None, 'collapsed': False, 'body': 'if they just let us download the replays then there wont be any strain on their servers.\n', 'link_title': 'Can match replays be easier to get please?', 'author_flair_css_class': None, 'name': 't1_dtry3ng', 'downs': 0, 'author_flair_richtext': [], 'is_submitter': True, 'body_html': '&lt;div class=""md""&gt;&lt;p&gt;if they just let us download the replays then there wont be any strain on their servers.&lt;/p&gt;\n&lt;/div&gt;', 'gildings': {'gid_1': 0, 'gid_2': 0, 'gid_3': 0}, 'collapsed_reason': None, 'distinguished': None, 'stickied': False, 'can_gild': True, 'subreddit': 'Smite', 'author_flair_text_color': None, 'score_hidden': False, 'permalink': '/r/Smite/comments/7vetq4/can_match_replays_be_easier_to_get_please/dtry3ng/', 'num_reports': None, 'link_permalink': 'https://www.reddit.com/r/Smite/comments/7vetq4/can_match_replays_be_easier_to_get_please/', 'report_reasons': None, 'link_author': 'Qebtonn', 'author_flair_text': None, 'link_url': 'https://www.reddit.com/r/Smite/comments/7vetq4/can_match_replays_be_easier_to_get_please/', 'created': 1517878090.0, 'created_utc': 1517849290.0, 'subreddit_name_prefixed': 'r/Smite', 'controversiality': 0, 'author_flair_background_color': None, 'mod_reports': [], 'quarantine': False, 'subreddit_type': 'public', 'ups': 1}",t1
"{'approved_at_utc': None, 'subreddit': 'Smite', 'selftext': 'I feel like match replays are hard to get since you need to have someone spectating the match for it to be recorded. I know that its not possible to record every single match for every single player on Hi-rez servers so why not give us the option to download a replay of the match after the match finishes. A lot of competitive games have this option so i think it is at least possible to make it happen. In my opinion making match replays easier to get a hold of can help players learn from their mistakes and get better or making it easier for content creators to post funny or epic moments. At least make that option available in ranked only if its too hard to implement.\n   ', 'author_fullname': 't2_d6kie4r', 'saved': False, 'mod_reason_title': None, 'gilded': 0, 'clicked': False, 'title': 'Can match replays be easier to get please?', 'link_flair_richtext': [{'e': 'text', 't': 'SUGGESTION'}], 'subreddit_name_prefixed': 'r/Smite', 'hidden': False, 'pwls': 6, 'link_flair_css_class': 'suggestion', 'downs': 0, 'thumbnail_height': None, 'hide_score': False, 'name': 't3_7vetq4', 'quarantine': False, 'link_flair_text_color': 'dark', 'author_flair_background_color': None, 'subreddit_type': 'public', 'ups': 53, 'domain': 'self.Smite', 'media_embed': {}, 'thumbnail_width': None, 'author_flair_template_id': None, 'is_original_content': False, 'user_reports': [], 'secure_media': None, 'is_reddit_media_domain': False, 'is_meta': False, 'category': None, 'secure_media_embed': {}, 'link_flair_text': 'SUGGESTION', 'can_mod_post': False, 'score': 53, 'approved_by': None, 'thumbnail': 'self', 'edited': False, 'author_flair_css_class': None, 'author_flair_richtext': [], 'gildings': {'gid_1': 0, 'gid_2': 0, 'gid_3': 0}, 'content_categories': None, 'is_self': True, 'mod_note': None, 'created': 1517867118.0, 'link_flair_type': 'richtext', 'wls': 6, 'banned_by': None, 'author_flair_type': 'text', 'contest_mode': False, 'selftext_html': '&lt;!-- SC_OFF --&gt;&lt;div class=""md""&gt;&lt;p&gt;I feel like match replays are hard to get since you need to have someone spectating the match for it to be recorded. I know that its not possible to record every single match for every single player on Hi-rez servers so why not give us the option to download a replay of the match after the match finishes. A lot of competitive games have this option so i think it is at least possible to make it happen. In my opinion making match replays easier to get a hold of can help players learn from their mistakes and get better or making it easier for content creators to post funny or epic moments. At least make that option available in ranked only if its too hard to implement.&lt;/p&gt;\n&lt;/div&gt;&lt;!-- SC_ON --&gt;', 'likes': None, 'suggested_sort': None, 'banned_at_utc': None, 'view_count': None, 'archived': True, 'no_follow': False, 'is_crosspostable': False, 'pinned': False, 'over_18': False, 'media_only': False, 'link_flair_template_id': 'b26adf64-da69-11e5-afc0-0eed87e709ff', 'can_gild': False, 'spoiler': False, 'locked': False, 'author_flair_text': None, 'visited': False, 'num_reports': None, 'distinguished': None, 'subreddit_id': 't5_2stl8', 'mod_reason_by': None, 'removal_reason': None, 'link_flair_background_color': '', 'id': '7vetq4', 'is_robot_indexable': True, 'report_reasons': None, 'author': 'Qebtonn', 'num_crossposts': 0, 'num_comments': 27, 'send_replies': True, 'whitelist_status': 'all_ads', 'mod_reports': [], 'author_flair_text_color': None, 'permalink': '/r/Smite/comments/7vetq4/can_match_replays_be_easier_to_get_please/', 'parent_whitelist_status': 'all_ads', 'stickied': False, 'url': 'https://www.reddit.com/r/Smite/comments/7vetq4/can_match_replays_be_easier_to_get_please/', 'subreddit_subscribers': 128587, 'created_utc': 1517838318.0, 'media': None, 'is_video': False}",t3
"{'subreddit_id': 't5_2stl8', 'approved_at_utc': None, 'edited': False, 'mod_reason_by': None, 'banned_by': None, 'author_flair_type': 'text', 'removal_reason': None, 'link_id': 't3_7uktdg', 'author_flair_template_id': None, 'likes': None, 'replies': '', 'user_reports': [], 'saved': False, 'id': 'dto5ctd', 'banned_at_utc': None, 'mod_reason_title': None, 'gilded': 0, 'archived': True, 'no_follow': True, 'author': 'Qebtonn', 'num_comments': 70, 'can_mod_post': False, 'send_replies': True, 'parent_id': 't1_dtmn3h6', 'score': 1, 'author_fullname': 't2_d6kie4r', 'over_18': False, 'approved_by': None, 'mod_note': None, 'collapsed': False, 'body': 'You have a good point. But my point was that you dont need to be amazing to play ranked. I feel like so many players are afraid to play ranked for some reason(at least i was). ', 'link_title': 'New player from paragon and having a blast', 'author_flair_css_class': None, 'name': 't1_dto5ctd', 'downs': 0, 'author_flair_richtext': [], 'is_submitter': False, 'body_html': '&lt;div class=""md""&gt;&lt;p&gt;You have a good point. But my point was that you dont need to be amazing to play ranked. I feel like so many players are afraid to play ranked for some reason(at least i was). &lt;/p&gt;\n&lt;/div&gt;', 'gildings': {'gid_1': 0, 'gid_2': 0, 'gid_3': 0}, 'collapsed_reason': None, 'distinguished': None, 'stickied': False, 'can_gild': True, 'subreddit': 'Smite', 'author_flair_text_color': None, 'score_hidden': False, 'permalink': '/r/Smite/comments/7uktdg/new_player_from_paragon_and_having_a_blast/dto5ctd/', 'num_reports': None, 'link_permalink': 'https://www.reddit.com/r/Smite/comments/7uktdg/new_player_from_paragon_and_having_a_blast/', 'report_reasons': None, 'link_author': 'MarshmelloMush', 'author_flair_text': None, 'link_url': 'https://www.reddit.com/r/Smite/comments/7uktdg/new_player_from_paragon_and_having_a_blast/', 'created': 1517682770.0, 'created_utc': 1517653970.0, 'subreddit_name_prefixed': 'r/Smite', 'controversiality': 0, 'author_flair_background_color': None, 'mod_reports': [], 'quarantine': False, 'subreddit_type': 'public', 'ups': 1}",t1
"{'subreddit_id': 't5_2stl8', 'approved_at_utc': None, 'edited': False, 'mod_reason_by': None, 'banned_by': None, 'author_flair_type': 'text', 'removal_reason': None, 'link_id': 't3_7uktdg', 'author_flair_template_id': None, 'likes': None, 'replies': '', 'user_reports': [], 'saved': False, 'id': 'dtlmwzw', 'banned_at_utc': None, 'mod_reason_title': None, 'gilded': 0, 'archived': True, 'no_follow': True, 'author': 'Qebtonn', 'num_comments': 70, 'can_mod_post': False, 'send_replies': True, 'parent_id': 't1_dtlaq15', 'score': 5, 'author_fullname': 't2_d6kie4r', 'over_18': False, 'approved_by': None, 'mod_note': None, 'collapsed': False, 'body': 'I disagree. In my humble opinion i think ranked should be the main game mode. It doesnt matter how do or bad you are there is always a rank for you. If only good players should play ranked then why is there bronze and silver. Everyone in csgo and other games jump into ranked as soon as you can. Because thats how you get better. When you play against people of similar rank the games are more fun and you get better at the game. ', 'link_title': 'New player from paragon and having a blast', 'author_flair_css_class': None, 'name': 't1_dtlmwzw', 'downs': 0, 'author_flair_richtext': [], 'is_submitter': False, 'body_html': '&lt;div class=""md""&gt;&lt;p&gt;I disagree. In my humble opinion i think ranked should be the main game mode. It doesnt matter how do or bad you are there is always a rank for you. If only good players should play ranked then why is there bronze and silver. Everyone in csgo and other games jump into ranked as soon as you can. Because thats how you get better. When you play against people of similar rank the games are more fun and you get better at the game. &lt;/p&gt;\n&lt;/div&gt;', 'gildings': {'gid_1': 0, 'gid_2': 0, 'gid_3': 0}, 'collapsed_reason': None, 'distinguished': None, 'stickied': False, 'can_gild': True, 'subreddit': 'Smite', 'author_flair_text_color': None, 'score_hidden': False, 'permalink': '/r/Smite/comments/7uktdg/new_player_from_paragon_and_having_a_blast/dtlmwzw/', 'num_reports': None, 'link_permalink': 'https://www.reddit.com/r/Smite/comments/7uktdg/new_player_from_paragon_and_having_a_blast/', 'report_reasons': None, 'link_author': 'MarshmelloMush', 'author_flair_text': None, 'link_url': 'https://www.reddit.com/r/Smite/comments/7uktdg/new_player_from_paragon_and_having_a_blast/', 'created': 1517559740.0, 'created_utc': 1517530940.0, 'subreddit_name_prefixed': 'r/Smite', 'controversiality': 0, 'author_flair_background_color': None, 'mod_reports': [], 'quarantine': False, 'subreddit_type': 'public', 'ups': 5}",t1
"{'subreddit_id': 't5_2stl8', 'approved_at_utc': None, 'edited': False, 'mod_reason_by': None, 'banned_by': None, 'author_flair_type': 'text', 'removal_reason': None, 'link_id': 't3_7u68v0', 'author_flair_template_id': None, 'likes': None, 'replies': '', 'user_reports': [], 'saved': False, 'id': 'dthw525', 'banned_at_utc': None, 'mod_reason_title': None, 'gilded': 0, 'archived': True, 'no_follow': True, 'author': 'Qebtonn', 'num_comments': 8, 'can_mod_post': False, 'send_replies': True, 'parent_id': 't3_7u68v0', 'score': 1, 'author_fullname': 't2_d6kie4r', 'over_18': False, 'approved_by': None, 'mod_note': None, 'collapsed': False, 'body': 'I would suggest you wait for ranked thats what im doing. ', 'link_title': 'General team play rant', 'author_flair_css_class': None, 'name': 't1_dthw525', 'downs': 0, 'author_flair_richtext': [], 'is_submitter': False, 'body_html': '&lt;div class=""md""&gt;&lt;p&gt;I would suggest you wait for ranked thats what im doing. &lt;/p&gt;\n&lt;/div&gt;', 'gildings': {'gid_1': 0, 'gid_2': 0, 'gid_3': 0}, 'collapsed_reason': None, 'distinguished': None, 'stickied': False, 'can_gild': True, 'subreddit': 'Smite', 'author_flair_text_color': None, 'score_hidden': False, 'permalink': '/r/Smite/comments/7u68v0/general_team_play_rant/dthw525/', 'num_reports': None, 'link_permalink': 'https://www.reddit.com/r/Smite/comments/7u68v0/general_team_play_rant/', 'report_reasons': None, 'link_author': 'Partiklestorm', 'author_flair_text': None, 'link_url': 'https://www.reddit.com/r/Smite/comments/7u68v0/general_team_play_rant/', 'created': 1517392109.0, 'created_utc': 1517363309.0, 'subreddit_name_prefixed': 'r/Smite', 'controversiality': 0, 'author_flair_background_color': None, 'mod_reports': [], 'quarantine': False, 'subreddit_type': 'public', 'ups': 1}",t1
